first_name,last_name,phone_number,customer_number
Roberto,Sherman,834-586-8501x08974,924
Brandon,Hughes,(027)161-5582x431,826
Kent,Vaughn,692-283-3494x995,678
Brian,Evans,758-212-8071,906
Nathaniel,Mcneil,153.516.9379x74956,793
Natalie,Camacho,5892195727,944
Lauren,Patterson,(027)161-5582x431,339
Ronald,Rogers,001-906-984-6948x38121,625
Roger,Spencer,001-644-925-5268,622
Tony,Gonzales,001-449-413-6692,367
Corey,Rose,+1-713-103-9956,434
Melissa,Todd,+1-063-073-7433x610,361
Dennis,Carter,888.407.3589,316
Melissa,Acevedo,(225)128-1049,548
Kent,Sandoval,222.407.1337x37854,271
John,Hartman,2724793828,880
Evan,Hayes,(543)200-2347,324
John,Chapman,438-699-5957x0601,664
Ethan,Jimenez,(098)232-0941,37
Alexis,Ward,001-449-413-6692,208
Michelle,Rodriguez,(698)957-0063,844
Jonathan,Dawson,9345117973,95
Destiny,Davis,+1-918-927-1597x6139,697
Cheryl,Curtis,330.024.9238x15888,292
Sandra,Diaz,305.100.5052x77395,154
William,Manning,(824)653-0230x441,991
Nathaniel,Lynn,+1-966-380-5665x67551,78
Kevin,Mcdaniel,604.599.1308x73264,351
Kimberly,Mendoza,001-944-562-1276x7884,801
Angel,Smith,888.407.3589,721
Thomas,Mosley,438-699-5957x0601,809
Melanie,Green,398.342.9218x99287,165
Anthony,Buchanan,(909)513-9998x3665,853
Christopher,Rowe,+1-713-103-9956,103
Karen,Lewis,001-607-291-3495,602
Brandi,Harper,001-308-591-0976x63192,52
Denise,Garner,+1-648-859-6772x4209,189
Carrie,Harris,+1-920-358-0254,146
Dave,Stone,905.149.7181,635
Gabriel,Mays,+1-918-927-1597x6139,891
Andrew,Thomas,+1-485-106-6085x4076,401
William,Jones,449.219.7338x1496,172
Anthony,Mcguire,776.904.8382x7602,521
Monique,Valencia,2769459075,353
Larry,Bryant,9345117973,105
Jessica,Burgess,+1-920-358-0254,198
Matthew,Cook,500-427-1968x6576,148
Gary,Burton,5120445781,679
William,Rowland,888.407.3589,340
Michelle,Hanna,1211201113,719
David,Hart,2724793828,858
Jacob,Roberson,1798984230,309
David,Gomez,+1-063-073-7433x610,249
Carol,Martinez,001-360-305-5135x701,102
Gregory,Boyd,(910)534-3789,90
Eric,Reyes,7437214420,734
Leonard,Stafford,+1-735-325-8325x5711,7
Karen,Branch,200.122.5591,912
Ashley,Flynn,(412)243-2865,376
Holly,Benitez,488.708.8378,555
Robert,Russell,(098)232-0941,241
Rhonda,Hernandez,9751817575,179
Tammy,Kim,698-091-7026,115
Vickie,Carr,(906)983-1053x0833,334
Steven,Young,050-971-8964,302
Nicole,Stein,5120445781,397
Rhonda,Robinson,(106)262-1645x23366,349
Jill,Lee,486.784.2598,993
Kirk,Aguilar,807-447-2885x133,452
Lori,Osborne,486.784.2598,863
Gregory,Tran,070-472-9354,816
Kayla,Ponce,050-971-8964,275
Larry,Ochoa,+1-918-927-1597x6139,758
Lawrence,Nichols,(845)750-4579x818,364
William,Vincent,001-644-657-0223x213,161
Ariel,Anderson,+1-578-000-0533,785
Kent,Banks,751.363.7209x6326,746
Ronald,Ryan,+1-918-927-1597x6139,717
Mary,Fisher,5892195727,550
Carrie,Romero,001-611-936-6970x6959,190
Natasha,Yates,088-388-8308x293,77
Samantha,Edwards,632.805.5908x0234,38
Brandon,Coleman,3222646079,608
Suzanne,Griffin,888.407.3589,112
Bradley,Bowers,(902)413-2013x20542,877
Audrey,Phillips,(902)413-2013x20542,542
Angel,Schneider,001-171-771-6814x035,34
Carlos,Brown,500-427-1968x6576,197
William,Martin,(829)043-6976x7340,761
Randy,Campbell,+1-548-046-8942x68557,609
Andrew,Beltran,+1-118-431-9265x53348,166
Donald,Greene,447-924-4891x816,839
Jessica,Douglas,219-929-8188,616
Erica,Marquez,001-155-588-3155x4193,381
John,Parsons,685.961.7974,845
Mary,Williams,001-619-593-4072,180
Amanda,Jackson,+1-548-046-8942x68557,30
Laura,Blankenship,001-607-291-3495,483
Corey,Moore,+1-118-431-9265x53348,943
Natalie,Wright,(829)043-6976x7340,949
